<?xml version="1.0" encoding="UTF-8"?>
<con:soapui-project id="b6df7e81-15a6-4b68-9dde-c98e07a6c255" created="3.46.1" activeEnvironment="Default environment" encryptionMode="Not encrypted" name="Activity6" projectVersion="" updated="3.46.1 2023-05-29T12:08:49Z" xmlns:con="http://eviware.com/soapui/config"><con:settings/><con:interface xsi:type="con:RestService" id="3a7bbd56-f8ff-4a99-bc94-7a0f4de2dc1c" wadlVersion="http://wadl.dev.java.net/2009/02" name="http://ipwhois.app" type="rest" xmlns:xsi="http://www.w3.org/2001/XMLSchema-instance"><con:settings id="a372572b-e503-4785-9d46-c7f1deb36f67"/><con:definitionCache type="TEXT" rootPart=""/><con:endpoints><con:endpoint>http://ipwhois.app</con:endpoint></con:endpoints><con:resource name="IP" path="/json/{IP}" id="2658b4ea-ae3e-4082-a084-57dcce1b8408"><con:settings/><con:parameters/><con:method name="IP" id="cafed208-d377-4631-a88b-84b29f060bec" method="GET"><con:settings/><con:parameters><con:parameter required="true"><con:name>IP</con:name><con:value/><con:style>TEMPLATE</con:style><con:default/></con:parameter></con:parameters><con:representation type="RESPONSE"><con:mediaType>application/json; charset=utf-8</con:mediaType><con:status>200</con:status><con:params/><con:element xmlns:json="http://ipwhois.app/json/">json:Response</con:element></con:representation><con:request name="Request 1" id="ddfff8bf-7763-468a-af9d-fe1bb5464985" mediaType="application/json"><con:settings><con:setting id="com.eviware.soapui.impl.wsdl.WsdlRequest@request-headers">&lt;xml-fragment/></con:setting></con:settings><con:endpoint>http://ipwhois.app</con:endpoint><con:request/><con:originalUri>http://ipwhois.app/json/</con:originalUri><con:credentials><con:selectedAuthProfile>No Authorization</con:selectedAuthProfile><con:authType>No Authorization</con:authType></con:credentials><con:jmsConfig JMSDeliveryMode="PERSISTENT"/><con:parameters><con:entry key="IP" value="${DataSource#address}"/></con:parameters><con:parameterOrder><con:entry>IP</con:entry></con:parameterOrder></con:request></con:method></con:resource></con:interface><con:testSuite id="b74f1461-2d88-431a-b9a9-520161c5e20a" name="http://ipwhois.app Test Suite"><con:settings id="a61663b1-7e7b-44b1-be02-c576ef1d9f18"/><con:runType>SEQUENTIAL</con:runType><con:testCase id="aac75b46-5f7c-423d-a959-43df74a64123" discardOkResults="false" failOnError="false" failTestCaseOnErrors="true" keepSession="false" name="http://ipwhois.app Test Case 1" searchProperties="true" timeout="0"><con:settings/><con:testStep type="datasource" name="Data Source" id="e9b836a2-a3c8-4c49-b16a-1853626b1042"><con:settings/><con:config xsi:type="con:DataSourceStep" xmlns:xsi="http://www.w3.org/2001/XMLSchema-instance"><con:dataSource type="Data Generator"><con:configuration><generatedDataCount>10</generatedDataCount><generatorsTotalNumber>1</generatorsTotalNumber><lastSelectedProperty>0</lastSelectedProperty><GeneratorType0>COMP</GeneratorType0><PropertyName0>address</PropertyName0><repetitionCountaddress>0</repetitionCountaddress><repeatValuesaddress>false</repeatValuesaddress><ComputerAddressTypeaddress>IPv4</ComputerAddressTypeaddress><escapeSpaceSequence/></con:configuration></con:dataSource><con:shared>false</con:shared><con:restartShared>false</con:restartShared><con:property>address</con:property><con:restartOnRun>true</con:restartOnRun><con:stopDatasourceExhausted>false</con:stopDatasourceExhausted></con:config></con:testStep><con:testStep type="restrequest" name="Request 1" id="df264dc5-0b14-4495-a30a-5bb5d2504c7e"><con:settings/><con:config service="http://ipwhois.app" resourcePath="/json/{IP}" methodName="IP" xsi:type="con:RestRequestStep" xmlns:xsi="http://www.w3.org/2001/XMLSchema-instance"><con:restRequest name="Request 1" id="ddfff8bf-7763-468a-af9d-fe1bb5464985" mediaType="application/json"><con:settings><con:setting id="com.eviware.soapui.impl.wsdl.WsdlRequest@request-headers">&lt;xml-fragment/></con:setting></con:settings><con:endpoint>http://ipwhois.app</con:endpoint><con:request/><con:originalUri>http://ipwhois.app/json/</con:originalUri><con:assertion type="Valid HTTP Status Codes" id="ac3add05-def6-4242-9185-dbc01a83c8f0" name="Valid HTTP Status Codes"><con:settings/><con:configuration><codes>200</codes></con:configuration></con:assertion><con:assertion type="JsonPath Match" id="b71b9f20-ea28-4ccf-97ec-b12dd6de162e" name="JSONPath Match"><con:configuration><path>$['country']</path><content>"India"</content><allowWildcards>false</allowWildcards><ignoreNamspaceDifferences>false</ignoreNamspaceDifferences><ignoreComments>false</ignoreComments></con:configuration></con:assertion><con:credentials><con:selectedAuthProfile>No Authorization</con:selectedAuthProfile><con:authType>No Authorization</con:authType></con:credentials><con:jmsConfig JMSDeliveryMode="PERSISTENT"/><con:parameters><con:entry key="IP" value="${DataSource#address}"/></con:parameters><con:parameterOrder><con:entry>IP</con:entry></con:parameterOrder></con:restRequest></con:config></con:testStep><con:testStep type="datasink" name="Data Sink" id="03302f4b-8320-4e90-b50b-ab661d5138f7"><con:settings/><con:config xsi:type="con:DataSinkStep" xmlns:xsi="http://www.w3.org/2001/XMLSchema-instance"><con:dataSink type="JDBC"><con:configuration><driver>com.mysql.jdbc.Driver</driver><connstr>jdbc:mysql://127.0.0.1:3306/countries?user=sai&amp;password=PASS_VALUE</connstr><pass>jeeth</pass><Connection>mysql( Default environment )</Connection><query/><stored-procedure>false</stored-procedure></con:configuration></con:dataSink><con:properties/></con:config></con:testStep><con:testStep type="datasourceloop" name="Data Source Loop" id="225ee27d-c17a-4258-9482-3d97bbb8a68d"><con:settings/><con:config><dataSourceStep>Data Source</dataSourceStep><targetStep>Request 1</targetStep><discardResults>true</discardResults></con:config></con:testStep><con:testStep type="transfer" name="Property Transfer" id="fd6c7632-4a18-4486-b8b5-7fcb1865a394"><con:settings/><con:config xsi:type="con:PropertyTransfersStep" xmlns:xsi="http://www.w3.org/2001/XMLSchema-instance"><con:transfers setNullOnMissingSource="true" transferTextContent="true" failOnError="true"><con:name>city</con:name><con:sourceType>Response</con:sourceType><con:sourceStep>Request 1</con:sourceStep><con:sourcePath>$['city']</con:sourcePath><con:targetStep>Data Sink</con:targetStep><con:type>JSONPATH</con:type><con:upgraded>true</con:upgraded></con:transfers></con:config></con:testStep><con:properties/><con:reportParameters/></con:testCase><con:properties/><con:reportParameters/></con:testSuite><con:requirements/><con:properties/><con:wssContainer/><con:databaseConnectionContainer><con:databaseConnection><con:name>mysql</con:name><con:driver>com.mysql.jdbc.Driver</con:driver><con:connectionString>jdbc:mysql://127.0.0.1:3306/countries?user=sai&amp;password=PASS_VALUE</con:connectionString><con:password>jeeth</con:password><con:connectionProperties/></con:databaseConnection></con:databaseConnectionContainer><con:jmsConnectionContainer/><con:oAuth2ProfileContainer/><con:oAuth1ProfileContainer/><con:reporting><con:xmlTemplates/><con:parameters/></con:reporting><con:eventHandlers type="RequestFilter.filterRequest" name="RequestFilter.filterRequest"><con:script>// Sample event script to add custom HTTP header to all outgoing REST, SOAP and HTTP(S) calls
// This code is often used for adding custom authentication to ReadyAPI functional tests

// If hardcoding the token, uncomment and change line 5
// token = '4567'

// If your token is parameterized in Project level custom property, uncomment line 8
// token = request.parent.testCase.testSuite.project.getProperty('auth_token').getValue()

// To modify all outgoing calls, remove comments from lines 11 to 16
// headers = request.requestHeaders
// if (headers.containsKey('auth_token2') == false) {
//   headers.put('auth_token2', token)
//   request.requestHeaders = headers
// }</con:script></con:eventHandlers><con:eventHandlers type="TestRunListener.afterStep" name="TestRunListener.afterStep"><con:script>// Save all test step results into files
// Change the directory path in line 5 to a location where you want to store details
// then uncomment lines 5 to 10

// filePath = 'C:\\tempOutputDirectory\\'
// fos = new java.io.FileOutputStream(filePath + testStepResult.testStep.label + '.txt', true)
// pw = new java.io.PrintWriter(fos)
// testStepResult.writeTo(pw)
// pw.close()
// fos.close()</con:script></con:eventHandlers><con:authRepository/><con:tags/></con:soapui-project>