<?xml version="1.0" encoding="UTF-8"?>
<con:soapui-project id="45603ce0-f76c-4654-88fc-205948e0348f" created="3.46.1" activeEnvironment="Default environment" encryptionMode="Not encrypted" name="Activity1" projectVersion="" updated="3.46.1 2023-05-29T12:08:49Z" xmlns:con="http://eviware.com/soapui/config"><con:settings/><con:interface xsi:type="con:RestService" id="7be2bf35-0ada-407a-a393-040333225365" wadlVersion="http://wadl.dev.java.net/2009/02" name="https://petstore.swagger.io" type="rest" xmlns:xsi="http://www.w3.org/2001/XMLSchema-instance"><con:settings id="27034263-520c-4634-8aa6-9720f7fb2093"/><con:definitionCache/><con:endpoints><con:endpoint>https://petstore.swagger.io</con:endpoint></con:endpoints><con:resource name="User" path="/v2/user" id="15836308-b53c-4693-a2e5-523d0080fd8f"><con:settings/><con:parameters/><con:method name="User" id="82a68516-8636-414c-b42b-bcbbfc868866" method="POST"><con:settings/><con:parameters/><con:representation type="RESPONSE"><con:mediaType>application/json</con:mediaType><con:status>200</con:status><con:params/><con:element xmlns:user="https://petstore.swagger.io/v2/user">user:Response</con:element></con:representation><con:representation type="REQUEST"><con:mediaType>application/json</con:mediaType><con:params/></con:representation><con:request name="Request 1" id="9f835505-944e-4ce4-8902-157d3a4fc8a3" mediaType="application/json"><con:settings/><con:endpoint>https://petstore.swagger.io</con:endpoint><con:credentials><con:selectedAuthProfile>No Authorization</con:selectedAuthProfile><con:authType>No Authorization</con:authType></con:credentials><con:parameters/></con:request></con:method></con:resource><con:resource name="Login" path="/v2/user/login" id="6f83f8a5-d026-474e-9f16-a174f4cb9af7"><con:settings/><con:parameters/><con:method name="Login" id="9822d411-0b8a-421c-a89f-063c87e4c904" method="GET"><con:settings/><con:parameters><con:parameter required="true"><con:name>username</con:name><con:value>{username}</con:value><con:style>QUERY</con:style><con:default>{username}</con:default><con:path xsi:nil="true"/><con:description xsi:nil="true"/></con:parameter><con:parameter required="true"><con:name>password</con:name><con:value>{password}</con:value><con:style>QUERY</con:style><con:default>{password}</con:default><con:path xsi:nil="true"/><con:description xsi:nil="true"/></con:parameter></con:parameters><con:representation type="RESPONSE"><con:mediaType>application/json</con:mediaType><con:status>200</con:status><con:params/><con:element xmlns:log="https://petstore.swagger.io/v2/user/login">log:Response</con:element></con:representation><con:request name="Request 1" id="9384d55b-06b6-433d-80d0-2f5d2381ef46" mediaType="application/json"><con:settings/><con:endpoint>https://petstore.swagger.io</con:endpoint><con:credentials><con:selectedAuthProfile>No Authorization</con:selectedAuthProfile><con:authType>No Authorization</con:authType></con:credentials><con:parameters><con:entry key="password" value="{password}"/><con:entry key="username" value="{username}"/></con:parameters><con:parameterOrder><con:entry>username</con:entry><con:entry>password</con:entry></con:parameterOrder></con:request></con:method></con:resource><con:resource name="Username" path="/v2/user/{username}" id="684fd5d4-2fcf-4403-85c6-30159a326d19"><con:settings/><con:parameters/><con:method name="Username" id="ce0b027a-6d26-43f4-964f-e7c81eb8b810" method="GET"><con:settings/><con:parameters><con:parameter required="true"><con:name>username</con:name><con:value>username</con:value><con:style>TEMPLATE</con:style><con:default>username</con:default><con:path xsi:nil="true"/><con:description xsi:nil="true"/></con:parameter></con:parameters><con:representation type="FAULT"><con:mediaType>application/json</con:mediaType><con:status>404</con:status><con:params/><con:element xmlns:joh="https://petstore.swagger.io/v2/user/Johndoe">joh:Fault</con:element></con:representation><con:request name="Request 1" id="e0681d69-55d9-438c-a16a-87180ebc0542" mediaType="application/json"><con:settings/><con:endpoint>https://petstore.swagger.io</con:endpoint><con:credentials><con:selectedAuthProfile>No Authorization</con:selectedAuthProfile><con:authType>No Authorization</con:authType></con:credentials><con:parameters><con:entry key="username" value="username"/></con:parameters><con:parameterOrder><con:entry>username</con:entry></con:parameterOrder></con:request></con:method><con:method name="Username 2" id="ace05b48-ec02-43e1-bd70-d0b21ed4adce" method="DELETE"><con:settings/><con:parameters><con:parameter required="true"><con:name>username</con:name><con:value>username</con:value><con:style>TEMPLATE</con:style><con:default>username</con:default><con:path xsi:nil="true"/><con:description xsi:nil="true"/></con:parameter></con:parameters><con:representation type="REQUEST"><con:mediaType>application/json</con:mediaType><con:params/></con:representation><con:representation type="FAULT"><con:mediaType xsi:nil="true"/><con:status>404</con:status><con:params/><con:element>data</con:element></con:representation><con:request name="Request 1" id="0c727b34-8900-494e-87c1-206edf21a5ec" mediaType="application/json"><con:settings/><con:endpoint>https://petstore.swagger.io</con:endpoint><con:credentials><con:selectedAuthProfile>No Authorization</con:selectedAuthProfile><con:authType>No Authorization</con:authType></con:credentials><con:parameters><con:entry key="username" value="username"/></con:parameters><con:parameterOrder><con:entry>username</con:entry></con:parameterOrder></con:request></con:method></con:resource><con:resource name="Logout" path="/v2/user/logout" id="fa6c73e2-c538-46b7-b3c8-06fcfa1ef1ed"><con:settings/><con:parameters/><con:method name="Logout" id="e2d48d48-8e32-458a-a15b-0b82912726ae" method="GET"><con:settings/><con:parameters/><con:representation type="RESPONSE"><con:mediaType>application/json</con:mediaType><con:status>200</con:status><con:params/><con:element xmlns:log="https://petstore.swagger.io/v2/user/logout">log:Response</con:element></con:representation><con:request name="Request 1" id="5f8fe90b-038a-4207-b292-6dd147c006e2" mediaType="application/json"><con:settings/><con:endpoint>https://petstore.swagger.io</con:endpoint><con:credentials><con:selectedAuthProfile>No Authorization</con:selectedAuthProfile><con:authType>No Authorization</con:authType></con:credentials><con:parameters/></con:request></con:method></con:resource></con:interface><con:testSuite id="21a5b3d4-c6e7-4cef-ad40-3aa253447211" name="https://petstore.swagger.io Test Suite"><con:settings id="43afcd0e-23df-4e45-980e-91e3930db122"/><con:runType>SEQUENTIAL</con:runType><con:testCase id="9994dc50-66a8-4755-8059-060989b98eb5" discardOkResults="false" failOnError="false" failTestCaseOnErrors="true" keepSession="false" name="Test Case" searchProperties="true" timeout="0"><con:settings/><con:testStep type="restrequest" name="Request 1" id="7befaed5-ec22-49e9-b116-173d1c550325"><con:settings/><con:config service="https://petstore.swagger.io" resourcePath="/v2/user" methodName="User" xsi:type="con:RestRequestStep" xmlns:xsi="http://www.w3.org/2001/XMLSchema-instance"><con:restRequest name="Request 1" id="9f835505-944e-4ce4-8902-157d3a4fc8a3" mediaType="application/json" postQueryString="false"><con:settings><con:setting id="com.eviware.soapui.impl.wsdl.WsdlRequest@request-headers">&lt;xml-fragment/></con:setting></con:settings><con:endpoint>https://petstore.swagger.io</con:endpoint><con:request>{
    "id": 1,
    "username": "testuser",
    "firstName": "John",
    "lastName": "Doe",
    "email": "john@doe.com",
    "password": "testuser",
    "phone": "234567890",
    "userStatus": 0
}</con:request><con:originalUri>https://petstore.swagger.io/v2/user</con:originalUri><con:assertion type="Valid HTTP Status Codes" id="3b15a968-e82b-45f5-aa79-a49865606b96" name="Valid HTTP Status Codes"><con:settings/><con:configuration><codes>200</codes></con:configuration></con:assertion><con:credentials><con:selectedAuthProfile>No Authorization</con:selectedAuthProfile><con:authType>No Authorization</con:authType></con:credentials><con:jmsConfig JMSDeliveryMode="PERSISTENT"/><con:parameters/></con:restRequest></con:config></con:testStep><con:testStep type="restrequest" name="Request 2" id="b46d8399-0063-48e8-a6ee-e90da9da0d26"><con:settings/><con:config service="https://petstore.swagger.io" resourcePath="/v2/user/login" methodName="Login" xsi:type="con:RestRequestStep" xmlns:xsi="http://www.w3.org/2001/XMLSchema-instance"><con:restRequest name="Request 2" id="9384d55b-06b6-433d-80d0-2f5d2381ef46" mediaType="application/json"><con:settings><con:setting id="com.eviware.soapui.impl.wsdl.WsdlRequest@request-headers">&lt;xml-fragment/></con:setting></con:settings><con:endpoint>https://petstore.swagger.io</con:endpoint><con:request/><con:originalUri>https://petstore.swagger.io/v2/user/login</con:originalUri><con:assertion type="Valid HTTP Status Codes" id="7a9adb0a-d7cb-4dbe-a8d9-5512e18120e6" name="Valid HTTP Status Codes"><con:settings/><con:configuration><codes>200</codes></con:configuration></con:assertion><con:credentials><con:selectedAuthProfile>No Authorization</con:selectedAuthProfile><con:authType>No Authorization</con:authType></con:credentials><con:jmsConfig JMSDeliveryMode="PERSISTENT"/><con:parameters><con:entry key="password" value="Johnspassword"/><con:entry key="username" value="JohnDoe"/></con:parameters><con:parameterOrder><con:entry>username</con:entry><con:entry>password</con:entry></con:parameterOrder></con:restRequest></con:config></con:testStep><con:testStep type="restrequest" name="Request 3" id="3c836e3b-5968-4584-bc5d-c17116c972d1"><con:settings/><con:config service="https://petstore.swagger.io" resourcePath="/v2/user/{username}" methodName="Username" xsi:type="con:RestRequestStep" xmlns:xsi="http://www.w3.org/2001/XMLSchema-instance"><con:restRequest name="Request 3" id="e0681d69-55d9-438c-a16a-87180ebc0542" mediaType="application/json"><con:settings><con:setting id="com.eviware.soapui.impl.wsdl.WsdlRequest@request-headers">&lt;xml-fragment/></con:setting></con:settings><con:endpoint>https://petstore.swagger.io</con:endpoint><con:request/><con:originalUri>https://petstore.swagger.io/v2/user/Johndoe</con:originalUri><con:assertion type="Valid HTTP Status Codes" id="7e1e2a57-1e2a-41e6-89f7-142c6a52d245" name="Valid HTTP Status Codes"><con:settings/><con:configuration><codes>200</codes></con:configuration></con:assertion><con:credentials><con:selectedAuthProfile>No Authorization</con:selectedAuthProfile><con:authType>No Authorization</con:authType></con:credentials><con:jmsConfig JMSDeliveryMode="PERSISTENT"/><con:parameters><con:entry key="username" value="JohnDoe"/></con:parameters><con:parameterOrder><con:entry>username</con:entry></con:parameterOrder></con:restRequest></con:config></con:testStep><con:testStep type="restrequest" name="Request 4" id="2dbbc562-e35a-40e1-9e64-a5f171b60f52"><con:settings/><con:config service="https://petstore.swagger.io" resourcePath="/v2/user/logout" methodName="Logout" xsi:type="con:RestRequestStep" xmlns:xsi="http://www.w3.org/2001/XMLSchema-instance"><con:restRequest name="Request 4" id="5f8fe90b-038a-4207-b292-6dd147c006e2" mediaType="application/json"><con:settings><con:setting id="com.eviware.soapui.impl.wsdl.WsdlRequest@request-headers">&lt;xml-fragment/></con:setting></con:settings><con:endpoint>https://petstore.swagger.io</con:endpoint><con:request/><con:originalUri>https://petstore.swagger.io/v2/user/logout</con:originalUri><con:assertion type="Valid HTTP Status Codes" id="ddf06e66-d848-41ba-a0db-906c2be3d556" name="Valid HTTP Status Codes"><con:settings/><con:configuration><codes>200</codes></con:configuration></con:assertion><con:credentials><con:selectedAuthProfile>No Authorization</con:selectedAuthProfile><con:authType>No Authorization</con:authType></con:credentials><con:jmsConfig JMSDeliveryMode="PERSISTENT"/><con:parameters/></con:restRequest></con:config></con:testStep><con:testStep type="restrequest" name="Request 5" id="1ab7b72d-e388-43cd-8464-1bdffa071169"><con:settings/><con:config service="https://petstore.swagger.io" resourcePath="/v2/user/{username}" methodName="Username 2" xsi:type="con:RestRequestStep" xmlns:xsi="http://www.w3.org/2001/XMLSchema-instance"><con:restRequest name="Request 5" id="0c727b34-8900-494e-87c1-206edf21a5ec" mediaType="application/json" postQueryString="false"><con:settings><con:setting id="com.eviware.soapui.impl.wsdl.WsdlRequest@request-headers">&lt;xml-fragment/></con:setting></con:settings><con:endpoint>https://petstore.swagger.io</con:endpoint><con:request/><con:originalUri>https://petstore.swagger.io/v2/user/Johndoe</con:originalUri><con:assertion type="Valid HTTP Status Codes" id="c0638dca-7d74-4d80-bd6d-40f868cd1909" name="Valid HTTP Status Codes"><con:settings/><con:configuration><codes>200</codes></con:configuration></con:assertion><con:credentials><con:selectedAuthProfile>No Authorization</con:selectedAuthProfile><con:authType>No Authorization</con:authType></con:credentials><con:jmsConfig JMSDeliveryMode="PERSISTENT"/><con:parameters><con:entry key="username" value="JohnDoe"/></con:parameters><con:parameterOrder><con:entry>username</con:entry></con:parameterOrder></con:restRequest></con:config></con:testStep><con:properties/><con:reportParameters/></con:testCase><con:properties/><con:reportParameters/></con:testSuite><con:properties/><con:wssContainer/><con:databaseConnectionContainer/><con:jmsConnectionContainer/><con:oAuth2ProfileContainer/><con:oAuth1ProfileContainer/><con:reporting><con:xmlTemplates/><con:parameters/></con:reporting><con:eventHandlers type="RequestFilter.filterRequest" name="RequestFilter.filterRequest"><con:script>// Sample event script to add custom HTTP header to all outgoing REST, SOAP and HTTP(S) calls
// This code is often used for adding custom authentication to ReadyAPI functional tests

// If hardcoding the token, uncomment and change line 5
// token = '4567'

// If your token is parameterized in Project level custom property, uncomment line 8
// token = request.parent.testCase.testSuite.project.getProperty('auth_token').getValue()

// To modify all outgoing calls, remove comments from lines 11 to 16
// headers = request.requestHeaders
// if (headers.containsKey('auth_token2') == false) {
//   headers.put('auth_token2', token)
//   request.requestHeaders = headers
// }</con:script></con:eventHandlers><con:eventHandlers type="TestRunListener.afterStep" name="TestRunListener.afterStep"><con:script>// Save all test step results into files
// Change the directory path in line 5 to a location where you want to store details
// then uncomment lines 5 to 10

// filePath = 'C:\\tempOutputDirectory\\'
// fos = new java.io.FileOutputStream(filePath + testStepResult.testStep.label + '.txt', true)
// pw = new java.io.PrintWriter(fos)
// testStepResult.writeTo(pw)
// pw.close()
// fos.close()</con:script></con:eventHandlers><con:authRepository/><con:tags/></con:soapui-project>